,batter_name,hho,hho/bbe,hho/pa,hho/ab,hho/hh
0, Francisco Lindor,92,25.205479452054796,17.557251908396946,20.353982300884958,57.14285714285714
1, Adam Duvall,67,19.5906432748538,12.072072072072073,13.060428849902534,44.666666666666664
2, Austin Riley,82,19.069767441860467,12.386706948640484,13.898305084745763,41.83673469387755
3, Ozzie Albies,91,17.913385826771652,13.26530612244898,14.444444444444443,48.148148148148145
4, Jonathan Villar,50,15.432098765432098,9.900990099009901,11.013215859030836,44.24778761061947
5, Jorge Soler,90,23.7467018469657,14.950166112956811,17.441860465116278,50.56179775280899
6, Dominic Smith,70,20.588235294117645,14.198782961460447,15.695067264573993,50.72463768115942
7, Pete Alonso,102,23.28767123287671,16.012558869701728,18.181818181818183,49.275362318840585
8, Michael Conforto,60,19.736842105263158,12.526096033402922,14.742014742014742,50.0
9, Dansby Swanson,85,19.813519813519815,13.016845329249618,14.45578231292517,46.44808743169399
10, Eddie Rosario,60,18.51851851851852,14.563106796116504,15.8311345646438,51.724137931034484
11, Freddie Freeman,107,21.616161616161616,15.39568345323741,17.833333333333336,46.92982456140351
12, Josh Rojas,47,13.390313390313391,8.545454545454545,9.710743801652892,43.11926605504588
13, Ketel Marte,62,22.064056939501782,16.577540106951872,18.235294117647058,45.588235294117645
14, Garrett Hampson,55,16.176470588235293,11.133603238866396,12.141280353200882,51.886792452830186
15, Raimel Tapia,68,16.113744075829384,12.757973733583489,13.963039014373715,51.127819548872175
16, Charlie Blackmon,90,21.12676056338028,15.463917525773196,17.509727626459142,54.87804878048781
17, Christian Walker,63,21.21212121212121,14.157303370786517,15.710723192019952,51.63934426229508
18, Ryan McMahon,89,23.05699481865285,14.93288590604027,16.856060606060606,52.976190476190474
19, Brendan Rodgers,57,18.688524590163937,13.734939759036143,14.690721649484537,46.34146341463415
20, David Peralta,80,20.151133501259448,14.869888475836431,16.39344262295082,48.19277108433735
21, C.J. Cron,58,16.246498599439775,10.603290676416819,12.340425531914894,38.666666666666664
22, Pavin Smith,84,21.374045801526716,15.412844036697248,16.867469879518072,50.0
23, César Hernández,85,19.406392694063925,13.343799058084773,14.912280701754385,58.620689655172406
24, Andrew Vaughn,81,25.233644859813083,17.270788912579956,19.424460431654676,53.64238410596026
25, Akil Baddoo,48,16.3265306122449,10.412147505422993,11.62227602905569,50.526315789473685
26, Willi Castro,48,15.483870967741936,10.666666666666668,11.62227602905569,52.74725274725275
27, Leury García,53,15.963855421686745,11.181434599156118,12.771084337349398,49.074074074074076
28, Yoán Moncada,72,19.726027397260275,11.688311688311687,13.846153846153847,48.322147651006716
29, Tim Anderson,76,18.581907090464547,13.793103448275861,14.421252371916509,44.44444444444444
30, Odúbel Herrera,88,23.218997361477573,17.88617886178862,19.555555555555557,57.89473684210527
31, Jazz Chisholm Jr.,68,20.98765432098765,13.41222879684418,14.655172413793101,50.0
32, Freddy Galvis,44,15.492957746478872,11.16751269035533,12.359550561797752,48.888888888888886
33, J.T. Realmuto,74,21.20343839541547,13.780260707635009,15.546218487394958,47.43589743589743
34, Ronald Torreyes,15,5.30035335689046,4.3604651162790695,4.716981132075472,37.5
35, Alec Bohm,68,24.90842490842491,16.30695443645084,17.894736842105264,50.37037037037037
36, Didi Gregorius,46,14.935064935064934,11.27450980392157,12.5,56.09756097560976
37, Andrew McCutchen,76,21.288515406162464,13.240418118466899,15.767634854771783,53.90070921985816
38, Bryce Harper,78,21.666666666666668,13.02170283806344,15.983606557377051,43.575418994413404
39, Yuli Gurriel,95,20.042194092827003,15.702479338842975,17.92452830188679,47.73869346733669
40, Yordan Alvarez,105,26.582278481012654,17.558528428093645,19.553072625698324,49.06542056074766
41, Jose Altuve,84,16.247582205029012,12.389380530973451,13.976705490848584,46.408839779005525
42, Yan Gomes,55,20.22058823529412,14.666666666666666,15.759312320916905,52.88461538461539
43, Kyle Tucker,105,24.94061757719715,18.51851851851852,20.75098814229249,52.5
44, Carlos Correa,88,19.775280898876403,13.750000000000002,15.827338129496402,46.31578947368421
45, Matt Olson,125,26.997840172786177,18.573551263001487,22.123893805309734,55.309734513274336
46, Mark Canha,68,17.302798982188293,10.879999999999999,13.102119460500964,48.92086330935252
47, Tony Kemp,29,10.069444444444445,7.304785894206549,8.787878787878787,46.03174603174603
48, Michael Brantley,90,21.58273381294964,17.716535433070867,19.189765458422176,50.27932960893855
49, Whit Merrifield,89,15.532286212914483,12.36111111111111,13.403614457831326,53.939393939393945
50, Andrew Benintendi,89,22.084367245657567,16.54275092936803,18.052738336713997,51.14942528735632
51, Andrelton Simmons,40,11.299435028248588,8.869179600886918,9.70873786407767,51.94805194805194
52, Michael A. Taylor,80,23.121387283236995,15.151515151515152,16.563146997929607,57.55395683453237
53, Hunter Dozier,81,23.893805309734514,14.917127071823206,16.632443531827516,56.64335664335665
54, Carlos Santana,114,24.358974358974358,17.298937784522003,20.141342756183743,58.16326530612245
55, Miguel Sanó,74,25.694444444444443,13.909774436090224,15.74468085106383,45.962732919254655
56, Max Kepler,83,24.850299401197603,16.93877551020408,19.483568075117372,58.45070422535211
57, Josh Donaldson,100,28.49002849002849,18.41620626151013,21.88183807439825,54.054054054054056
58, Salvador Perez,121,26.651982378854626,18.195488721804512,19.516129032258064,47.45098039215686
59, Jorge Polanco,85,17.857142857142858,13.198757763975156,14.45578231292517,47.752808988764045
60, Luis Arraez,55,14.248704663212436,11.482254697286013,12.82051282051282,46.61016949152542
61, Nicky Lopez,59,13.470319634703195,10.442477876106194,11.87122736418511,50.0
62, Jackie Bradley Jr.,59,22.868217054263564,13.785046728971961,15.245478036175712,56.730769230769226
63, Gavin Lux,58,22.83464566929134,15.223097112860891,17.261904761904763,56.86274509803921
64, Chris Taylor,58,16.86046511627907,9.965635738831615,11.439842209072978,44.274809160305345
65, AJ Pollock,64,20.915032679738562,15.165876777251185,16.666666666666664,44.13793103448276
66, Will Smith,74,22.839506172839506,14.770459081836327,17.874396135265698,52.112676056338024
67, Eduardo Escobar,68,15.96244131455399,11.352253756260435,12.386156648451731,46.25850340136054
68, Luis Urías,78,20.634920634920633,13.684210526315791,15.918367346938775,50.98039215686274
69, Avisaíl García,77,22.318840579710145,14.951456310679612,16.666666666666664,48.125
70, Willy Adames,75,21.929824561403507,13.513513513513514,15.090543259557343,49.01960784313725
71, Mookie Betts,72,18.7012987012987,13.090909090909092,15.450643776824036,45.56962025316456
72, Omar Narváez,40,12.779552715654951,8.98876404494382,10.230179028132993,50.0
73, Justin Turner,96,21.768707482993197,15.686274509803921,17.97752808988764,51.33689839572193
74, Trea Turner,100,20.449897750511248,15.479876160990713,16.80672268907563,44.24778761061947
75, Corey Seager,72,24.82758620689655,17.6039119804401,20.33898305084746,50.349650349650354
76, Max Muncy,87,23.015873015873016,14.695945945945946,17.50503018108652,49.43181818181818
77, Eric Hosmer,105,25.423728813559322,18.58407079646018,20.6286836935167,54.123711340206185
78, Buster Posey,49,15.806451612903224,10.79295154185022,12.40506329113924,40.16393442622951
79, LaMonte Wade Jr.,54,21.25984251968504,14.173228346456693,16.071428571428573,50.943396226415096
80, Wilmer Flores,53,15.773809523809524,12.155963302752294,13.624678663239074,44.537815126050425
81, Adam Frazier,64,12.5,10.015649452269171,11.091854419410744,49.6124031007752
82, Wil Myers,49,16.065573770491802,9.8,11.085972850678733,42.241379310344826
83, Jake Cronenworth,85,17.598343685300208,13.21928460342146,14.991181657848324,50.29585798816568
84, Jurickson Profar,50,17.18213058419244,12.135922330097088,14.164305949008499,56.81818181818182
85, Trent Grisham,63,18.103448275862068,11.954459203036052,13.636363636363635,49.21875
86, Mike Yastrzemski,61,17.888563049853374,11.466165413533833,13.034188034188036,45.52238805970149
87, Kris Bryant,75,19.736842105263158,12.798634812286688,14.619883040935672,49.34210526315789
88, Brandon Crawford,77,20.10443864229765,14.025500910746814,15.942028985507244,46.3855421686747
89, Manny Machado,134,28.32980972515856,20.9375,23.75886524822695,54.25101214574899
90, Fernando Tatis Jr.,86,26.13981762917933,15.75091575091575,17.99163179916318,46.994535519125684
91, Tommy Pham,89,25.356125356125357,15.86452762923351,18.736842105263158,53.293413173652695
92, Bryan Reynolds,80,18.01801801801802,12.38390092879257,14.311270125223613,44.19889502762431
93, Eugenio Suárez,62,18.289085545722713,10.801393728222997,12.25296442687747,45.925925925925924
94, Joey Votto,82,25.23076923076923,15.384615384615385,18.303571428571427,47.398843930635834
95, Jonathan India,59,14.898989898989898,9.350237717908081,11.090225563909774,38.56209150326798
96, Kevin Newman,78,16.082474226804123,14.079422382671481,15.087040618955513,61.904761904761905
97, Tyler Stephenson,56,20.0,13.930348258706468,15.954415954415953,52.336448598130836
98, Nick Castellanos,82,19.71153846153846,14.017094017094017,15.44256120527307,42.05128205128205
99, Aaron Judge,112,28.211586901763226,17.69352290679305,20.363636363636363,48.69565217391305
100, Anthony Rizzo,86,20.77294685990338,14.930555555555555,17.338709677419356,50.588235294117645
101, Gleyber Torres,67,18.559556786703602,12.984496124031008,14.596949891067537,51.93798449612403
102, Manuel Margot,79,22.191011235955056,17.025862068965516,18.76484560570071,55.24475524475524
103, Joey Wendle,54,15.428571428571427,10.778443113772456,11.73913043478261,44.62809917355372
104, Gary Sánchez,56,21.374045801526716,12.727272727272727,14.621409921671018,50.90909090909091
105, Brett Gardner,49,16.44295302013423,10.629067245119305,12.661498708010335,50.0
106, Gio Urshela,66,21.153846153846153,14.93212669683258,15.714285714285714,50.38167938931297
107, Austin Meadows,76,18.81188118811881,12.859560067681894,14.671814671814673,49.673202614379086
108, Nelson Cruz,110,27.77777777777778,18.835616438356166,21.40077821011673,52.88461538461539
109, Randy Arozarena,67,18.40659340659341,11.092715231788079,12.665406427221171,43.506493506493506
110, Joey Gallo,66,23.076923076923077,10.714285714285714,13.226452905811623,50.76923076923077
111, Giancarlo Stanton,89,25.0,15.3713298791019,17.45098039215686,44.94949494949495
112, Brandon Lowe,79,21.293800539083556,12.845528455284553,14.766355140186915,49.375
113, Tommy Edman,100,18.115942028985508,14.47178002894356,15.600624024960998,51.546391752577314
114, Harrison Bader,38,13.380281690140844,9.476309226932669,10.354223433242508,42.22222222222222
115, Yadier Molina,59,16.208791208791208,12.473572938689218,13.40909090909091,51.30434782608696
116, Dylan Carlson,59,14.786967418546364,9.531502423263328,10.885608856088561,47.58064516129033
117, Ian Happ,65,20.833333333333336,12.149532710280374,13.978494623655912,50.3875968992248
118, Tyler O'Neill,66,20.754716981132077,12.290502793296088,13.692946058091287,39.75903614457831
119, Nolan Arenado,99,19.642857142857142,15.160796324655438,16.694772344013494,52.38095238095239
120, Paul Goldschmidt,118,25.0,17.378497790868924,19.5364238410596,49.37238493723849
121, Mitch Haniger,105,22.875816993464053,15.195369030390736,16.93548387096774,50.72463768115942
122, Ty France,82,17.40976645435244,12.615384615384615,14.36077057793345,44.80874316939891
123, J.P. Crawford,77,15.098039215686274,11.208151382823871,12.439418416801292,49.358974358974365
124, Jared Walsh,61,16.010498687664043,10.427350427350428,11.487758945386064,38.853503184713375
125, Phil Gosselin,45,16.9811320754717,12.064343163538874,13.043478260869565,48.38709677419355
126, Abraham Toro,57,20.141342756183743,15.2,17.01492537313433,59.375
127, Kyle Seager,95,21.300448430493272,14.17910447761194,15.754560530679933,53.072625698324025
128, Shohei Ohtani,87,24.857142857142858,13.615023474178404,16.201117318435752,46.524064171122994
129, David Fletcher,52,9.07504363001745,7.819548872180452,8.30670926517572,57.77777777777777
130, Nathaniel Lowe,93,23.366834170854272,14.485981308411214,16.666666666666664,51.38121546961326
131, Adolis García,86,21.994884910485936,13.826366559485532,14.802065404475043,48.31460674157304
132, José Ramírez,105,22.340425531914892,16.50943396226415,19.021739130434785,52.76381909547738
133, Amed Rosario,92,21.19815668202765,15.646258503401361,16.727272727272727,48.93617021276596
134, Myles Straw,53,11.830357142857142,8.307210031347962,9.397163120567376,45.2991452991453
135, Isiah Kiner-Falefa,84,15.328467153284672,12.40768094534712,13.228346456692913,53.16455696202531
136, Nick Solak,60,16.901408450704224,11.741682974559687,13.100436681222707,50.42016806722689
137, Franmil Reyes,53,19.485294117647058,11.373390557939913,12.679425837320574,40.15151515151515
138, Pedro Severino,47,17.09090909090909,11.217183770883054,12.401055408970976,44.339622641509436
139, Teoscar Hernández,91,22.524752475247524,15.294117647058824,16.545454545454547,45.95959595959596
140, Bo Bichette,115,22.682445759368836,16.666666666666664,17.96875,47.71784232365145
141, Vladimir Guerrero Jr.,127,25.60483870967742,18.19484240687679,21.026490066225165,46.35036496350365
142, Marcus Semien,95,18.664047151277014,13.121546961325967,14.570552147239264,45.23809523809524
143, Trey Mancini,82,19.806763285024154,13.311688311688311,14.721723518850988,47.12643678160919
144, Austin Hays,76,19.74025974025974,14.366729678638942,15.573770491803279,50.331125827814574
145, Ryan Mountcastle,79,20.789473684210527,13.48122866894198,14.738805970149254,52.317880794701985
146, Cedric Mullins,82,17.012448132780083,12.148148148148149,13.621262458471762,43.15789473684211
147, Corey Dickerson,48,17.843866171003718,13.150684931506849,14.285714285714285,50.0
148, Lourdes Gurriel Jr.,92,22.71604938271605,17.005545286506468,18.4,52.87356321839081
149, Randal Grichuk,84,20.947630922693268,15.412844036697248,16.40625,50.90909090909091
150, Juan Soto,107,25.845410628019323,16.36085626911315,21.314741035856574,49.08256880733945
151, Alcides Escobar,26,9.737827715355806,7.4498567335243555,8.150470219435736,46.42857142857143
152, Hunter Renfroe,73,18.387909319899247,12.762237762237763,14.011516314779271,41.47727272727273
153, Alex Verdugo,96,21.192052980132452,15.894039735099339,17.61467889908257,48.97959183673469
154, José Iglesias,59,14.425427872860636,11.545988258317024,12.215320910973086,50.427350427350426
155, Rafael Devers,112,24.778761061946902,16.867469879518072,18.95093062605753,47.863247863247864
156, Xander Bogaerts,89,21.04018912529551,14.759535655058043,16.824196597353495,48.9010989010989
157, Kyle Schwarber,57,20.802919708029197,12.101910828025478,14.285714285714285,39.86013986013986
158, Enrique Hernández,92,22.71604938271605,15.726495726495726,18.07465618860511,52.57142857142857
159, Bobby Dalbec,49,18.702290076335878,10.816777041942604,11.750599520383693,38.88888888888889
160, Christian Vázquez,58,15.303430079155673,11.646586345381527,12.663755458515283,49.152542372881356
161, Josh Bell,109,27.250000000000004,19.19014084507042,21.88755020080321,52.40384615384615
162, J.D. Martinez,94,22.11764705882353,14.826498422712934,16.49122807017544,44.761904761904766
163, Trevor Story,76,19.387755102040817,12.773109243697478,14.421252371916509,45.50898203592814
164, José Abreu,106,24.480369515011546,16.084977238239755,18.727915194346288,49.76525821596244
165, Jeimer Candelario,88,20.85308056872038,14.057507987220447,15.798922800718133,53.333333333333336
166, Miguel Cabrera,95,26.170798898071624,18.06083650190114,20.127118644067796,53.37078651685393
167, Jonathan Schoop,100,20.080321285140563,14.836795252225517,16.051364365971107,50.0
168, Robbie Grossman,73,17.804878048780488,10.879284649776453,13.10592459605027,52.142857142857146
169, Miguel Rojas,69,16.312056737588655,12.80148423005566,13.939393939393941,49.64028776978417
170, James McCann,55,20.912547528517113,13.349514563106796,14.627659574468085,51.4018691588785
171, Joc Pederson,79,24.9211356466877,16.424116424116423,18.372093023255815,52.317880794701985
172, Jeff McNeil,64,19.45288753799392,15.023474178403756,16.580310880829018,58.18181818181818
173, Christian Yelich,73,25.259515570934255,15.368421052631579,18.295739348370926,51.77304964539007
174, Kolten Wong,59,16.164383561643834,11.991869918699187,13.258426966292136,46.45669291338583
175, Yandy Díaz,83,21.614583333333336,15.341959334565619,17.8494623655914,53.205128205128204
176, Jacob Stallings,52,17.869415807560138,12.177985948477751,13.903743315508022,49.056603773584904
177, Paul DeJong,42,16.470588235294116,10.44776119402985,11.797752808988763,46.666666666666664
178, Willson Contreras,69,24.731182795698924,14.285714285714285,16.707021791767556,51.11111111111111
179, Harold Ramírez,69,24.125874125874127,19.113573407202217,20.294117647058822,51.11111111111111
180, Matt Chapman,74,22.023809523809522,11.89710610932476,13.988657844990549,52.85714285714286
181, Alex Bregman,61,20.401337792642142,15.25,17.52873563218391,53.50877192982456
182, Starling Marte,65,17.52021563342318,12.357414448669202,13.88888888888889,44.21768707482993
183, Sean Murphy,66,23.404255319148938,14.732142857142858,16.793893129770993,55.00000000000001
184, Josh Harrison,75,17.321016166281755,13.440860215053762,14.85148514851485,53.191489361702125
185, Javier Báez,58,18.06853582554517,10.603290676416819,11.553784860557768,40.0
186, Elias Díaz,52,18.63799283154122,14.016172506738545,15.384615384615385,49.523809523809526
187, Donovan Solano,44,17.322834645669293,12.790697674418606,14.332247557003258,47.31182795698925
188, Jean Segura,74,16.780045351473923,13.051146384479717,14.36893203883495,44.84848484848485
189, DJ LeMahieu,125,24.606299212598426,18.409425625920473,20.938023450586265,56.81818181818182
190, Kyle Farmer,57,14.540816326530612,10.775047258979207,11.801242236024844,45.6
191, Ke'Bryan Hayes,61,22.021660649819495,15.404040404040403,16.85082872928177,48.031496062992126
192, Anthony Santander,69,22.258064516129032,15.753424657534246,16.995073891625616,51.11111111111111
193, Elvis Andrus,81,19.148936170212767,14.972273567467653,16.297786720321934,55.10204081632652
194, Jed Lowrie,82,23.229461756373937,16.015625,17.903930131004365,50.617283950617285
195, Jesse Winker,78,22.413793103448278,16.082474226804123,18.439716312056735,47.5609756097561
196, Nick Ahmed,44,13.213213213213212,9.30232558139535,10.114942528735632,47.31182795698925
197, Jason Heyward,60,23.52941176470588,16.997167138810198,18.575851393188856,55.55555555555556
198, Tyler Naquin,52,16.883116883116884,11.45374449339207,12.652068126520682,40.625
199, Jesús Aguilar,78,21.487603305785125,15.294117647058824,17.333333333333336,52.348993288590606
200, Rhys Hoskins,59,20.848056537102476,13.31828442437923,15.167095115681233,45.038167938931295
201, Maikel Franco,55,17.57188498402556,13.647642679900745,14.588859416445624,51.886792452830186
202, Starlin Castro,51,19.844357976653697,14.739884393063585,16.19047619047619,49.51456310679612
